Titulo,Facturacion
Barbie,"<td class=""a-text-right mojo-field-type-duration hidden"">-</td>"
The Super Mario Bros. Movie,"<td class=""a-text-right mojo-field-type-duration hidden"">-</td>"
Avatar: The Way of Water,"<td class=""a-text-right mojo-field-type-duration hidden"">-</td>"
Oppenheimer,"<td class=""a-text-right mojo-field-type-duration hidden"">-</td>"
Elemental,"<td class=""a-text-right mojo-field-type-duration hidden"">-</td>"
Fast X,"<td class=""a-text-right mojo-field-type-duration hidden"">-</td>"
Championext,"<td class=""a-text-right mojo-field-type-duration hidden"">-</td>"
The Little Mermaid,"<td class=""a-text-right mojo-field-type-duration hidden"">-</td>"
Meg 2: The Trench,"<td class=""a-text-right mojo-field-type-duration hidden"">-</td>"
Indiana Jones and the Dial of Destiny,"<td class=""a-text-right mojo-field-type-duration hidden"">-</td>"
Guardians of the Galaxy Vol. 3,"<td class=""a-text-right mojo-field-type-duration hidden"">-</td>"
Napoleon,"<td class=""a-text-right mojo-field-type-duration hidden"">-</td>"
A Moroccan Affair,"<td class=""a-text-right mojo-field-type-duration hidden"">-</td>"
Spider-Man: Across the Spider-Verse,"<td class=""a-text-right mojo-field-type-duration hidden"">-</td>"
Wonka,"<td class=""a-text-right mojo-field-type-duration hidden"">-</td>"
Puss in Boots: The Last Wish,"<td class=""a-text-right mojo-field-type-duration hidden"">-</td>"
The Hunger Games: The Ballad of Songbirds & Snakes,"<td class=""a-text-right mojo-field-type-duration hidden"">-</td>"
Vacaciones de verano,"<td class=""a-text-right mojo-field-type-duration hidden"">-</td>"
The Nun II,"<td class=""a-text-right mojo-field-type-duration hidden"">-</td>"
Mummies,"<td class=""a-text-right mojo-field-type-duration hidden"">-</td>"
Wish,"<td class=""a-text-right mojo-field-type-duration hidden"">-</td>"
Five Nights at Freddy's,"<td class=""a-text-right mojo-field-type-duration hidden"">-</td>"
Ant-Man and the Wasp: Quantumania,"<td class=""a-text-right mojo-field-type-duration hidden"">-</td>"
Killers of the Flower Moon,"<td class=""a-text-right mojo-field-type-duration hidden"">-</td>"
Creed III,"<td class=""a-text-right mojo-field-type-duration hidden"">-</td>"
The Equalizer 3,"<td class=""a-text-right mojo-field-type-duration hidden"">-</td>"
Trolls Band Together,"<td class=""a-text-right mojo-field-type-duration hidden"">-</td>"
One Hell of a Holiday!,"<td class=""a-text-right mojo-field-type-duration hidden"">-</td>"
A Haunting in Venice,"<td class=""a-text-right mojo-field-type-duration hidden"">-</td>"
John Wick: Chapter 4,"<td class=""a-text-right mojo-field-type-duration hidden"">-</td>"
Insidious: The Red Door,"<td class=""a-text-right mojo-field-type-duration hidden"">-</td>"
Mari(dos),"<td class=""a-text-right mojo-field-type-duration hidden"">-</td>"
Gran Turismo,"<td class=""a-text-right mojo-field-type-duration hidden"">-</td>"
Evil Dead Rise,"<td class=""a-text-right mojo-field-type-duration hidden"">-</td>"
The Exorcist: Believer,"<td class=""a-text-right mojo-field-type-duration hidden"">-</td>"
La Navidad en sus manos,"<td class=""a-text-right mojo-field-type-duration hidden"">-</td>"
The Flash,"<td class=""a-text-right mojo-field-type-duration hidden"">-</td>"
Dungeons & Dragons: Honor Among Thieves,"<td class=""a-text-right mojo-field-type-duration hidden"">-</td>"
The Beasts,"<td class=""a-text-right mojo-field-type-duration hidden"">-</td>"
M3GAN,"<td class=""a-text-right mojo-field-type-duration hidden"">-</td>"
PAW Patrol: The Mighty Movie,"<td class=""a-text-right mojo-field-type-duration hidden"">-</td>"
Transformers: Rise of the Beasts,"<td class=""a-text-right mojo-field-type-duration hidden"">-</td>"
The Creator,"<td class=""a-text-right mojo-field-type-duration hidden"">-</td>"
Aquaman and the Lost Kingdom,"<td class=""a-text-right mojo-field-type-duration hidden"">-</td>"
The Marvels,"<td class=""a-text-right mojo-field-type-duration hidden"">-</td>"
The Pope's Exorcist,"<td class=""a-text-right mojo-field-type-duration hidden"">-</td>"
Sound of Freedom,"<td class=""a-text-right mojo-field-type-duration hidden"">-</td>"
Saw X,"<td class=""a-text-right mojo-field-type-duration hidden"">-</td>"
Teenage Mutant Ninja Turtles: Mutant Mayhem,"<td class=""a-text-right mojo-field-type-duration hidden"">-</td>"
Talk to Me,"<td class=""a-text-right mojo-field-type-duration hidden"">-</td>"
Babylon,"<td class=""a-text-right mojo-field-type-duration hidden"">-</td>"
El hotel de los líos. García y García 2,"<td class=""a-text-right mojo-field-type-duration hidden"">-</td>"
Como Dios manda,"<td class=""a-text-right mojo-field-type-duration hidden"">-</td>"
Scream VI,"<td class=""a-text-right mojo-field-type-duration hidden"">-</td>"
Ruby Gillman: Teenage Kraken,"<td class=""a-text-right mojo-field-type-duration hidden"">-</td>"
The Whale,"<td class=""a-text-right mojo-field-type-duration hidden"">-</td>"
A Man Called Otto,"<td class=""a-text-right mojo-field-type-duration hidden"">-</td>"
Migration,"<td class=""a-text-right mojo-field-type-duration hidden"">-</td>"
The Kids Are Alright 2,"<td class=""a-text-right mojo-field-type-duration hidden"">-</td>"
The Fabelmans,"<td class=""a-text-right mojo-field-type-duration hidden"">-</td>"
Taylor Swift: The Eras Tour,"<td class=""a-text-right mojo-field-type-duration hidden"">-</td>"
Blue Beetle,"<td class=""a-text-right mojo-field-type-duration hidden"">-</td>"
Operation Fortune: Ruse de Guerre,"<td class=""a-text-right mojo-field-type-duration hidden"">-</td>"
Air,"<td class=""a-text-right mojo-field-type-duration hidden"">-</td>"
The Communion Girl,"<td class=""a-text-right mojo-field-type-duration hidden"">-</td>"
Haunted Mansion,"<td class=""a-text-right mojo-field-type-duration hidden"">-</td>"
The Boy and the Heron,"<td class=""a-text-right mojo-field-type-duration hidden"">-</td>"
Coup de Chance,"<td class=""a-text-right mojo-field-type-duration hidden"">-</td>"
The Teacher Who Promised the Sea,"<td class=""a-text-right mojo-field-type-duration hidden"">-</td>"
My Loneliness Has Wings,"<td class=""a-text-right mojo-field-type-duration hidden"">-</td>"
Alimañas,"<td class=""a-text-right mojo-field-type-duration hidden"">-</td>"
Knock at the Cabin,"<td class=""a-text-right mojo-field-type-duration hidden"">-</td>"
Shazam! Fury of the Gods,"<td class=""a-text-right mojo-field-type-duration hidden"">-</td>"
No Hard Feelings,"<td class=""a-text-right mojo-field-type-duration hidden"">-</td>"
The Expendables 4,"<td class=""a-text-right mojo-field-type-duration hidden"">-</td>"
After Everything,"<td class=""a-text-right mojo-field-type-duration hidden"">-</td>"
Titanic25 Year Anniversary,"<td class=""a-text-right mojo-field-type-duration hidden"">-</td>"
The Boogeyman,"<td class=""a-text-right mojo-field-type-duration hidden"">-</td>"
Past Lives,"<td class=""a-text-right mojo-field-type-duration hidden"">-</td>"
Triangle of Sadness,"<td class=""a-text-right mojo-field-type-duration hidden"">-</td>"
65,"<td class=""a-text-right mojo-field-type-duration hidden"">-</td>"
Anatomy of a Fall,"<td class=""a-text-right mojo-field-type-duration hidden"">-</td>"
The Banshees of Inisherin,"<td class=""a-text-right mojo-field-type-duration hidden"">-</td>"
All the Names of God,"<td class=""a-text-right mojo-field-type-duration hidden"">-</td>"
Fatum,"<td class=""a-text-right mojo-field-type-duration hidden"">-</td>"
Irati,"<td class=""a-text-right mojo-field-type-duration hidden"">-</td>"
Me he hecho viral,"<td class=""a-text-right mojo-field-type-duration hidden"">-</td>"
"20,000 Species of Bees","<td class=""a-text-right mojo-field-type-duration hidden"">-</td>"
Plane,"<td class=""a-text-right mojo-field-type-duration hidden"">-</td>"
Everything Everywhere All at Once,"<td class=""a-text-right mojo-field-type-duration hidden"">-</td>"
The Amazing Maurice,"<td class=""a-text-right mojo-field-type-duration hidden"">-</td>"
Tár,"<td class=""a-text-right mojo-field-type-duration hidden"">-</td>"
Asteroid City,"<td class=""a-text-right mojo-field-type-duration hidden"">-</td>"
Jokes & Cigarettes,"<td class=""a-text-right mojo-field-type-duration hidden"">-</td>"
Un Amor,"<td class=""a-text-right mojo-field-type-duration hidden"">-</td>"
Thanksgiving,"<td class=""a-text-right mojo-field-type-duration hidden"">-</td>"
Cocaine Bear,"<td class=""a-text-right mojo-field-type-duration hidden"">-</td>"
Hypnotic,"<td class=""a-text-right mojo-field-type-duration hidden"">-</td>"
"Last Call, Rio!","<td class=""a-text-right mojo-field-type-duration hidden"">-</td>"
The Three Musketeers - Part I: D'Artagnan,"<td class=""a-text-right mojo-field-type-duration hidden"">-</td>"
Prey for the Devil,"<td class=""a-text-right mojo-field-type-duration hidden"">-</td>"
Asterix & Obelix: The Middle Kingdom,"<td class=""a-text-right mojo-field-type-duration hidden"">-</td>"
Suzume,"<td class=""a-text-right mojo-field-type-duration hidden"">-</td>"
Just One Small Favor,"<td class=""a-text-right mojo-field-type-duration hidden"">-</td>"
Mi otro Jon,"<td class=""a-text-right mojo-field-type-duration hidden"">-</td>"
Cobweb,"<td class=""a-text-right mojo-field-type-duration hidden"">-</td>"
Free,"<td class=""a-text-right mojo-field-type-duration hidden"">-</td>"
Love & Revolution,"<td class=""a-text-right mojo-field-type-duration hidden"">-</td>"
Living,"<td class=""a-text-right mojo-field-type-duration hidden"">-</td>"
Chinas,"<td class=""a-text-right mojo-field-type-duration hidden"">-</td>"
Epic Tails,"<td class=""a-text-right mojo-field-type-duration hidden"">-</td>"
Demon Slayer: Kimetsu No Yaiba - To the Swordsmith Village,"<td class=""a-text-right mojo-field-type-duration hidden"">-</td>"
Close Your Eyes,"<td class=""a-text-right mojo-field-type-duration hidden"">-</td>"
Mavka: The Forest Song,"<td class=""a-text-right mojo-field-type-duration hidden"">-</td>"
Missing,"<td class=""a-text-right mojo-field-type-duration hidden"">-</td>"
Master Gardener,"<td class=""a-text-right mojo-field-type-duration hidden"">-</td>"
A Brighter Tomorrow,"<td class=""a-text-right mojo-field-type-duration hidden"">-</td>"
Strays,"<td class=""a-text-right mojo-field-type-duration hidden"">-</td>"
Esta ambición desmedida,"<td class=""a-text-right mojo-field-type-duration hidden"">-</td>"
The Old Oak,"<td class=""a-text-right mojo-field-type-duration hidden"">-</td>"
The Black Demon,"<td class=""a-text-right mojo-field-type-duration hidden"">-</td>"
Verano en rojo,"<td class=""a-text-right mojo-field-type-duration hidden"">-</td>"
Decision to Leave,"<td class=""a-text-right mojo-field-type-duration hidden"">-</td>"
The Rye Horn,"<td class=""a-text-right mojo-field-type-duration hidden"">-</td>"
The Girls Are Alright,"<td class=""a-text-right mojo-field-type-duration hidden"">-</td>"
Aftersun,"<td class=""a-text-right mojo-field-type-duration hidden"">-</td>"
The Eight Mountains,"<td class=""a-text-right mojo-field-type-duration hidden"">-</td>"
The Quiet Girl,"<td class=""a-text-right mojo-field-type-duration hidden"">-</td>"
Marlowe,"<td class=""a-text-right mojo-field-type-duration hidden"">-</td>"
Retribution,"<td class=""a-text-right mojo-field-type-duration hidden"">-</td>"
Kandahar,"<td class=""a-text-right mojo-field-type-duration hidden"">-</td>"
The Crime Is Mine,"<td class=""a-text-right mojo-field-type-duration hidden"">-</td>"
Maybe I Do,"<td class=""a-text-right mojo-field-type-duration hidden"">-</td>"
Beautiful Disaster,"<td class=""a-text-right mojo-field-type-duration hidden"">-</td>"
The Offering,"<td class=""a-text-right mojo-field-type-duration hidden"">-</td>"
Renfield,"<td class=""a-text-right mojo-field-type-duration hidden"">-</td>"
Terrifier 2,"<td class=""a-text-right mojo-field-type-duration hidden"">-</td>"
Los buenos modales,"<td class=""a-text-right mojo-field-type-duration hidden"">-</td>"
Poker Face,"<td class=""a-text-right mojo-field-type-duration hidden"">-</td>"
The Movie Teller,"<td class=""a-text-right mojo-field-type-duration hidden"">-</td>"
Inspector Sun,"<td class=""a-text-right mojo-field-type-duration hidden"">-</td>"
Book Club: The Next Chapter,"<td class=""a-text-right mojo-field-type-duration hidden"">-</td>"
Empire of Light,"<td class=""a-text-right mojo-field-type-duration hidden"">-</td>"
Dumb Money,"<td class=""a-text-right mojo-field-type-duration hidden"">-</td>"
Bed Rest,"<td class=""a-text-right mojo-field-type-duration hidden"">-</td>"
Jump!,"<td class=""a-text-right mojo-field-type-duration hidden"">-</td>"
Matria,"<td class=""a-text-right mojo-field-type-duration hidden"">-</td>"
Strange Way of Life,"<td class=""a-text-right mojo-field-type-duration hidden"">-</td>"
Lobo feroz,"<td class=""a-text-right mojo-field-type-duration hidden"">-</td>"
Heaven Can't Wait,"<td class=""a-text-right mojo-field-type-duration hidden"">-</td>"
Under Therapy,"<td class=""a-text-right mojo-field-type-duration hidden"">-</td>"
Creatura,"<td class=""a-text-right mojo-field-type-duration hidden"">-</td>"
The Lord of the Rings: The Return of the King2023 Re-release (20th Anniversary),"<td class=""a-text-right mojo-field-type-duration hidden"">-</td>"
Devotion,"<td class=""a-text-right mojo-field-type-duration hidden"">-</td>"
Una vida no tan simple,"<td class=""a-text-right mojo-field-type-duration hidden"">-</td>"
The Lord of the Rings: The Two Towers2023 Re-release,"<td class=""a-text-right mojo-field-type-duration hidden"">-</td>"
Watcher,"<td class=""a-text-right mojo-field-type-duration hidden"">-</td>"
Just Super,"<td class=""a-text-right mojo-field-type-duration hidden"">-</td>"
Love Again,"<td class=""a-text-right mojo-field-type-duration hidden"">-</td>"
Teresa,"<td class=""a-text-right mojo-field-type-duration hidden"">-</td>"
The Tenderness,"<td class=""a-text-right mojo-field-type-duration hidden"">-</td>"
Jeepers Creepers: Reborn,"<td class=""a-text-right mojo-field-type-duration hidden"">-</td>"
My Fairy Troublemaker,"<td class=""a-text-right mojo-field-type-duration hidden"">-</td>"
Tad the Lost Explorer and the Emerald Tablet,"<td class=""a-text-right mojo-field-type-duration hidden"">-</td>"
Robot Dreams,"<td class=""a-text-right mojo-field-type-duration hidden"">-</td>"
Knights of the Zodiac,"<td class=""a-text-right mojo-field-type-duration hidden"">-</td>"
Holy Spider,"<td class=""a-text-right mojo-field-type-duration hidden"">-</td>"
The Son,"<td class=""a-text-right mojo-field-type-duration hidden"">-</td>"
Godland,"<td class=""a-text-right mojo-field-type-duration hidden"">-</td>"
Godzilla Minus One,"<td class=""a-text-right mojo-field-type-duration hidden"">-</td>"
The Taste of Things,"<td class=""a-text-right mojo-field-type-duration hidden"">-</td>"
About My Father,"<td class=""a-text-right mojo-field-type-duration hidden"">-</td>"
Women Talking,"<td class=""a-text-right mojo-field-type-duration hidden"">-</td>"
Silent Night,"<td class=""a-text-right mojo-field-type-duration hidden"">-</td>"
They Shot the Piano Player,"<td class=""a-text-right mojo-field-type-duration hidden"">-</td>"
Speak Sunlight,"<td class=""a-text-right mojo-field-type-duration hidden"">-</td>"
The Boogeyman: The Origin of the Myth,"<td class=""a-text-right mojo-field-type-duration hidden"">-</td>"
Golda,"<td class=""a-text-right mojo-field-type-duration hidden"">-</td>"
Jeanne du Barry,"<td class=""a-text-right mojo-field-type-duration hidden"">-</td>"
Next Goal Wins,"<td class=""a-text-right mojo-field-type-duration hidden"">-</td>"
Monster,"<td class=""a-text-right mojo-field-type-duration hidden"">-</td>"
Whitney Houston: I Wanna Dance with Somebody,"<td class=""a-text-right mojo-field-type-duration hidden"">-</td>"
Cairo Conspiracy,"<td class=""a-text-right mojo-field-type-duration hidden"">-</td>"
Siege,"<td class=""a-text-right mojo-field-type-duration hidden"">-</td>"
The Enchanted,"<td class=""a-text-right mojo-field-type-duration hidden"">-</td>"
She Said,"<td class=""a-text-right mojo-field-type-duration hidden"">-</td>"
Till,"<td class=""a-text-right mojo-field-type-duration hidden"">-</td>"
Champions,"<td class=""a-text-right mojo-field-type-duration hidden"">-</td>"
Upon Entry,"<td class=""a-text-right mojo-field-type-duration hidden"">-</td>"
Something Is About to Happen,"<td class=""a-text-right mojo-field-type-duration hidden"">-</td>"
Let the Dance Begin,"<td class=""a-text-right mojo-field-type-duration hidden"">-</td>"
Doraemon the Movie: Nobita's New Dinosaur,"<td class=""a-text-right mojo-field-type-duration hidden"">-</td>"
Journey to Bethlehem,"<td class=""a-text-right mojo-field-type-duration hidden"">-</td>"
Rally Road Racers,"<td class=""a-text-right mojo-field-type-duration hidden"">-</td>"
Driving Madeleine,"<td class=""a-text-right mojo-field-type-duration hidden"">-</td>"
Tin & Tina,"<td class=""a-text-right mojo-field-type-duration hidden"">-</td>"
The Portable Door,"<td class=""a-text-right mojo-field-type-duration hidden"">-</td>"
Un cel de plom,"<td class=""a-text-right mojo-field-type-duration hidden"">-</td>"
Fallen Leaves,"<td class=""a-text-right mojo-field-type-duration hidden"">-</td>"
In the Company of Women,"<td class=""a-text-right mojo-field-type-duration hidden"">-</td>"
